City_ID,City,Country,Date,Lat,Lng,Max Temp,Humidity,Cloudiness,Wind Speed
0,Busselton,AU,2021-07-23 01:37:50,-33.65,115.3333,55.09,78,96,22.12
1,Srednekolymsk,RU,2021-07-23 01:38:34,67.45,153.6833,67.98,39,17,9.8
2,Longyearbyen,SJ,2021-07-23 01:38:34,78.2186,15.6401,42.64,87,75,17.27
3,Mataura,NZ,2021-07-23 01:38:34,-46.1927,168.8643,50.49,71,41,3.11
4,Ewo,CG,2021-07-23 01:38:35,-0.8725,14.8206,77.74,64,99,8.16
5,Praia,CV,2021-07-23 01:38:35,14.9215,-23.5087,77.54,73,75,6.91
6,Itarema,BR,2021-07-23 01:38:36,-2.9248,-39.9167,79.11,80,2,17.6
7,Ushuaia,AR,2021-07-23 01:36:59,-54.8,-68.3,38.86,70,75,4.61
8,Kapaa,US,2021-07-23 01:38:36,22.0752,-159.319,87.78,82,75,3.0
9,Fortuna,US,2021-07-23 01:35:02,40.5982,-124.1573,63.52,67,20,17.27
10,Punta Arenas,CL,2021-07-23 01:34:00,-53.15,-70.9167,33.91,86,40,11.5
11,Reftinskiy,RU,2021-07-23 01:38:37,57.0901,61.6769,64.8,89,83,11.95
12,Hobart,AU,2021-07-23 01:34:09,-42.8794,147.3294,57.22,56,40,3.0
13,Solms,DE,2021-07-23 01:38:37,50.7667,9.6,60.73,95,6,1.12
14,Puerto Ayora,EC,2021-07-23 01:35:36,-0.7393,-90.3518,72.55,88,100,5.99
15,Nizwa,OM,2021-07-23 01:38:38,22.9333,57.5333,88.18,51,7,4.74
16,Ribeira Grande,PT,2021-07-23 01:38:38,38.5167,-28.7,68.38,78,9,7.25
17,Bethel,US,2021-07-23 01:35:26,41.3712,-73.414,72.75,80,20,0.0
18,Bhabua,IN,2021-07-23 01:38:39,25.05,83.6167,88.32,66,0,9.06
19,New Norfolk,AU,2021-07-23 01:38:39,-42.7826,147.0587,55.92,56,30,4.0
20,East London,ZA,2021-07-23 01:38:40,-33.0153,27.9116,52.41,70,96,20.13
21,Yellowknife,CA,2021-07-23 01:38:40,62.456,-114.3525,61.32,100,90,6.91
22,Barrow,US,2021-07-23 01:38:40,71.2906,-156.7887,39.22,81,90,13.8
23,Araouane,ML,2021-07-23 01:38:41,18.9048,-3.5265,92.82,30,33,8.39
24,Codrington,AU,2021-07-23 01:38:41,-38.2667,141.9667,46.22,86,100,11.05
25,Rikitea,PF,2021-07-23 01:37:48,-23.1203,-134.9692,73.76,73,1,19.73
26,Ngorongoro,TZ,2021-07-23 01:38:42,-3.2397,35.4875,46.06,95,49,5.06
27,Ambanja,MG,2021-07-23 01:38:42,-13.6833,48.45,64.62,67,0,4.27
28,Chapais,CA,2021-07-23 01:38:43,49.7834,-74.8492,64.18,64,79,3.6
29,Havoysund,NO,2021-07-23 01:38:43,70.9963,24.6622,43.68,80,100,19.15
30,San Quintin,MX,2021-07-23 01:38:43,30.4833,-115.95,71.4,79,1,10.11
31,Avarua,CK,2021-07-23 01:38:44,-21.2078,-159.775,80.65,74,75,12.66
32,Tilichiki,RU,2021-07-23 01:38:44,60.4667,166.1,63.81,57,100,7.87
33,Katsuura,JP,2021-07-23 01:34:36,35.1333,140.3,86.14,68,17,6.53
34,Arraial Do Cabo,BR,2021-07-23 01:38:45,-22.9661,-42.0278,57.16,100,40,0.0
35,Samur,RU,2021-07-23 01:38:45,41.8253,48.486,77.47,73,99,8.12
36,Bluff,NZ,2021-07-23 01:38:46,-46.6,168.3333,50.81,64,84,10.56
37,Alice Springs,AU,2021-07-23 01:38:45,-23.7,133.8833,60.35,44,6,8.05
38,Vaini,TO,2021-07-23 01:34:04,-21.2,-175.2,80.76,78,20,5.75
39,Kodiak,US,2021-07-23 01:37:42,57.79,-152.4072,54.91,88,90,17.27
40,Kavieng,PG,2021-07-23 01:34:15,-2.5744,150.7967,84.22,71,43,11.7
41,Castro,BR,2021-07-23 01:35:04,-24.7911,-50.0119,47.19,63,0,3.47
42,Airai,TL,2021-07-23 01:38:47,-8.9266,125.4092,74.14,24,10,2.89
43,Maraa,BR,2021-07-23 01:36:06,-1.8333,-65.3667,73.51,92,48,1.68
44,Mahebourg,MU,2021-07-23 01:36:57,-20.4081,57.7,70.25,77,20,12.66
45,Almaznyy,RU,2021-07-23 01:35:21,48.0448,40.045,64.54,67,100,11.18
46,Saskylakh,RU,2021-07-23 01:38:48,71.9167,114.0833,67.37,63,57,9.22
47,Nemuro,JP,2021-07-23 01:38:48,43.3236,145.575,77.43,89,56,13.33
48,Bambous Virieux,MU,2021-07-23 01:38:37,-20.3428,57.7575,70.21,77,20,12.66
49,Atuona,PF,2021-07-23 01:38:48,-9.8,-139.0333,77.4,74,94,10.89
50,Saint-Philippe,RE,2021-07-23 01:38:49,-21.3585,55.7679,65.75,78,45,12.41
51,Misratah,LY,2021-07-23 01:38:49,32.3754,15.0925,78.42,67,0,6.26
52,Constitucion,CL,2021-07-23 01:35:18,-35.3333,-72.4167,53.15,84,100,7.11
53,Vestmanna,FO,2021-07-23 01:38:50,62.1564,-7.1664,45.52,100,20,6.91
54,Salalah,OM,2021-07-23 01:38:18,17.0151,54.0924,78.89,94,90,9.22
55,Norman Wells,CA,2021-07-23 01:38:50,65.282,-126.8329,78.84,47,75,13.8
56,Vallenar,CL,2021-07-23 01:38:51,-28.5708,-70.7581,56.62,61,36,0.56
57,Samarai,PG,2021-07-23 01:35:09,-10.6167,150.6667,79.75,80,78,11.77
58,Senanga,ZM,2021-07-23 01:38:51,-16.1167,23.2667,47.34,33,100,5.64
59,Santa Maria,BR,2021-07-23 01:38:51,-29.6842,-53.8069,52.9,100,0,4.61
60,North Platte,US,2021-07-23 01:37:20,41.1239,-100.7654,89.49,46,1,1.01
61,Mar Del Plata,AR,2021-07-23 01:34:33,-38.0023,-57.5575,56.88,74,0,3.0
62,Dikson,RU,2021-07-23 01:38:52,73.5069,80.5464,38.35,95,99,18.21
63,Jamestown,US,2021-07-23 01:35:20,42.097,-79.2353,65.79,67,1,1.95
64,Vao,NC,2021-07-23 01:38:52,-22.6667,167.4833,69.4,69,36,5.41
65,Cape Town,ZA,2021-07-23 01:34:19,-33.9258,18.4232,46.11,80,0,1.01
66,Bredasdorp,ZA,2021-07-23 01:34:12,-34.5322,20.0403,42.12,93,100,3.44
67,Albany,US,2021-07-23 01:34:05,42.6001,-73.9662,69.67,65,100,1.99
68,Karasjok,NO,2021-07-23 01:38:53,69.4719,25.5112,42.91,85,100,11.54
69,Balikpapan,ID,2021-07-23 01:38:54,-1.2675,116.8289,83.39,79,20,8.05
70,Pidhorodna,UA,2021-07-23 01:38:54,48.107,30.8895,55.96,74,0,7.7
71,Clyde River,CA,2021-07-23 01:34:48,70.4692,-68.5914,37.63,93,90,6.91
72,Saint-Pierre-Des-Corps,FR,2021-07-23 01:38:55,47.3833,0.7333,68.65,76,0,10.36
73,Nome,US,2021-07-23 01:36:03,64.5011,-165.4064,51.17,71,1,18.41
74,Port Alfred,ZA,2021-07-23 01:38:55,-33.5906,26.891,52.07,69,89,20.87
75,Upernavik,GL,2021-07-23 01:38:56,72.7868,-56.1549,40.87,93,100,1.52
76,Bac Lieu,VN,2021-07-23 01:38:56,9.285,105.7244,85.39,69,99,12.77
77,Hilo,US,2021-07-23 01:36:38,19.7297,-155.09,80.33,79,90,12.66
78,Fare,PF,2021-07-23 01:38:57,-16.7,-151.0167,77.58,65,10,12.88
79,Trenggalek,ID,2021-07-23 01:38:57,-8.05,111.7167,80.13,78,68,5.28
80,College,US,2021-07-23 01:38:33,64.8569,-147.8028,82.38,40,40,9.22
81,Puerto Escondido,MX,2021-07-23 01:38:58,15.85,-97.0667,83.23,65,75,5.75
82,Asau,RO,2021-07-23 01:34:00,46.4333,26.4,59.76,90,14,4.41
83,Russell,US,2021-07-23 01:38:58,32.3502,-85.1999,82.0,90,90,4.61
84,Ponta Do Sol,PT,2021-07-23 01:38:59,32.6667,-17.1,73.0,80,11,7.85
85,Talnakh,RU,2021-07-23 01:35:04,69.4865,88.3972,58.24,65,100,4.81
86,Derzhavinsk,KZ,2021-07-23 01:38:59,51.1,66.3167,75.0,38,4,9.22
87,Port Elizabeth,ZA,2021-07-23 01:38:38,-33.918,25.5701,48.49,76,0,5.75
88,Marzuq,YE,2021-07-23 01:39:00,14.4,46.4667,74.89,64,85,6.6
89,Natal,BR,2021-07-23 01:37:35,-5.795,-35.2094,75.42,78,40,11.5
90,Khatanga,RU,2021-07-23 01:39:00,71.9667,102.5,66.88,55,100,6.82
91,Torbay,CA,2021-07-23 01:39:00,47.6666,-52.7314,52.57,99,90,10.36
92,Thompson,CA,2021-07-23 01:34:30,55.7435,-97.8558,80.76,54,75,8.05
93,Venado Tuerto,AR,2021-07-23 01:39:01,-33.7456,-61.9688,55.89,75,79,8.63
94,Kaitangata,NZ,2021-07-23 01:34:23,-46.2817,169.8464,52.93,53,14,4.7
95,Kamaishi,JP,2021-07-23 01:35:40,39.2667,141.8833,79.75,85,87,6.93
96,Kaeo,NZ,2021-07-23 01:39:02,-35.1,173.7833,57.97,77,19,5.35
97,Leningradskiy,RU,2021-07-23 01:39:02,69.3833,178.4167,39.65,81,100,11.01
98,Boke,GN,2021-07-23 01:39:02,10.9409,-14.2967,74.41,98,64,3.4
99,Urengoy,RU,2021-07-23 01:39:03,65.9667,78.3667,61.5,56,99,6.38
100,Brae,GB,2021-07-23 01:39:03,60.3964,-1.353,51.71,78,100,6.71
101,Hay River,CA,2021-07-23 01:39:03,60.8156,-115.7999,58.98,94,90,9.22
102,Haines Junction,CA,2021-07-23 01:34:20,60.7522,-137.5108,66.15,42,11,12.66
103,Beibei,CN,2021-07-23 01:39:04,29.8256,106.4339,90.37,71,53,3.62
104,Saint George,US,2021-07-23 01:39:04,37.1041,-113.5841,88.27,55,40,7.0
105,Tuktoyaktuk,CA,2021-07-23 01:39:05,69.4541,-133.0374,51.8,93,90,18.41
106,Port Hardy,CA,2021-07-23 01:39:05,50.6996,-127.4199,60.98,67,75,5.75
107,Namibe,AO,2021-07-23 01:39:05,-15.1961,12.1522,64.92,82,0,6.08
108,Lompoc,US,2021-07-23 01:39:06,34.6391,-120.4579,77.41,76,75,8.01
109,Bilibino,RU,2021-07-23 01:35:45,68.0546,166.4372,65.91,34,91,1.97
110,Anchorage,US,2021-07-23 01:36:34,61.2181,-149.9003,70.68,67,1,1.01
111,Tuatapere,NZ,2021-07-23 01:39:06,-46.1333,167.6833,50.83,65,15,5.46
112,Mto Wa Mbu,TZ,2021-07-23 01:39:07,-3.35,35.85,62.1,91,28,2.35
113,Gitarama,RW,2021-07-23 01:39:07,-2.0744,29.7567,62.06,61,5,3.09
114,San Vicente,AR,2021-07-23 01:39:08,-26.6167,-54.1333,54.61,60,4,2.71
115,Bengkulu,ID,2021-07-23 01:38:47,-3.8004,102.2655,80.67,71,94,1.36
116,Tiznit,MA,2021-07-23 01:39:08,29.5833,-9.5,85.93,23,4,3.18
117,Labuhan,ID,2021-07-23 01:39:09,-6.8844,112.2051,83.43,68,8,4.5
118,Butaritari,KI,2021-07-23 01:39:09,3.0707,172.7902,83.08,77,100,15.79
119,Ayagoz,KZ,2021-07-23 01:39:10,47.9714,80.4392,75.16,46,51,6.46
120,Birjand,IR,2021-07-23 01:39:10,32.8663,59.2211,66.67,20,0,6.91
121,Tura,IN,2021-07-23 01:39:10,25.5198,90.2201,80.42,87,41,5.03
122,Barentu,ER,2021-07-23 01:39:11,15.1139,37.5928,69.13,75,99,5.12
123,Hamilton,US,2021-07-23 01:39:11,39.1834,-84.5333,74.1,73,1,0.0
124,Lensk,RU,2021-07-23 01:39:11,60.7253,114.9278,78.28,48,100,2.42
125,Santa Cruz,BO,2021-07-23 01:39:12,-17.8,-63.1667,67.46,68,0,5.75
126,Dakoro,NE,2021-07-23 01:39:12,14.5106,6.765,84.83,54,32,13.58
127,Bone,DE,2021-07-23 01:39:12,51.9669,12.1396,60.82,89,47,3.09
128,Georgetown,MY,2021-07-23 01:38:05,5.4112,100.3354,85.89,74,20,1.99
129,Vostok,RU,2021-07-23 01:39:13,46.4856,135.8833,85.53,52,57,5.23
130,Nueva Helvecia,UY,2021-07-23 01:39:13,-34.3,-57.2333,50.59,82,92,9.24
131,Zanjan,IR,2021-07-23 01:39:14,36.6736,48.4787,71.15,54,0,2.53
132,Bubaque,GW,2021-07-23 01:39:14,11.2833,-15.8333,80.29,86,100,15.84
133,Msanga,TZ,2021-07-23 01:36:34,-6.05,36.0333,59.79,91,2,5.64
134,Carnarvon,AU,2021-07-23 01:38:26,-24.8667,113.6333,64.47,70,96,4.61
135,Hermanus,ZA,2021-07-23 01:39:15,-34.4187,19.2345,42.91,73,69,9.95
136,Jiexiu,CN,2021-07-23 01:39:15,37.0244,111.9125,71.51,77,100,1.7
137,Alihe,CN,2021-07-23 01:39:16,50.5667,123.7167,83.01,61,100,7.4
138,Ilulissat,GL,2021-07-23 01:39:16,69.2167,-51.1,44.62,81,100,3.44
139,Cayenne,GF,2021-07-23 01:39:16,4.9333,-52.3333,79.09,86,20,2.3
140,Nikolskoye,RU,2021-07-23 01:39:17,59.7035,30.7861,60.8,81,95,5.44
141,Aleksandrovka,UA,2021-07-23 01:39:17,46.8383,32.7612,61.14,100,3,10.85
142,Vung Tau,VN,2021-07-23 01:36:10,10.346,107.0843,82.4,77,100,15.73
143,Yangmei,CN,2021-07-23 01:39:18,24.1023,112.5618,86.16,62,2,3.62
144,Sandwick,GB,2021-07-23 01:39:18,60.0,-1.25,51.62,93,90,4.61
145,Yuanping,CN,2021-07-23 01:39:19,38.7153,112.7575,72.43,73,100,4.23
146,Qaanaaq,GL,2021-07-23 01:39:19,77.484,-69.3632,42.37,73,5,4.54
147,Tateyama,JP,2021-07-23 01:39:19,34.9833,139.8667,91.15,71,17,6.67
148,Rensvik,NO,2021-07-23 01:39:20,63.1,7.8167,53.26,93,90,6.91
149,Kavaratti,IN,2021-07-23 01:38:20,10.5669,72.642,81.84,82,100,25.32
150,San Policarpo,PH,2021-07-23 01:39:20,12.1791,125.5072,87.76,62,100,14.32
151,Hithadhoo,MV,2021-07-23 01:39:21,-0.6,73.0833,81.21,76,100,13.22
152,Hambantota,LK,2021-07-23 01:39:21,6.1241,81.1185,80.94,89,90,10.36
153,Armidale,AU,2021-07-23 01:39:22,-30.5167,151.65,47.8,86,92,14.18
154,Ekhabi,RU,2021-07-23 01:39:22,53.5102,142.9671,76.95,60,39,3.87
155,Acapulco,MX,2021-07-23 01:38:29,16.8634,-99.8901,85.82,66,75,9.22
156,Sao Filipe,CV,2021-07-23 01:38:04,14.8961,-24.4956,74.12,86,11,7.65
157,Fairbanks,US,2021-07-23 01:39:23,64.8378,-147.7164,82.4,39,1,12.66
158,Alofi,NU,2021-07-23 01:39:23,-19.0595,-169.9187,80.49,78,75,10.36
159,Waipawa,NZ,2021-07-23 01:34:51,-41.4122,175.5153,52.45,63,22,3.96
160,Strezhevoy,RU,2021-07-23 01:39:24,60.7333,77.5889,67.98,79,100,10.29
161,Cherskiy,RU,2021-07-23 01:38:38,68.75,161.3,63.48,64,100,4.45
162,Chokurdakh,RU,2021-07-23 01:39:24,70.6333,147.9167,54.72,46,1,8.59
163,Verkhnyaya Inta,RU,2021-07-23 01:39:24,65.9811,60.3094,54.32,57,6,7.23
164,Victoria,HK,2021-07-23 01:39:25,22.2855,114.1577,90.32,79,64,1.99
165,Tagusao,PH,2021-07-23 01:39:25,9.1924,117.8141,86.43,67,100,18.86
166,Sistranda,NO,2021-07-23 01:39:25,63.7256,8.834,53.91,86,100,13.67
167,Bahia Blanca,AR,2021-07-23 01:39:26,-38.7196,-62.2724,55.74,52,58,10.42
168,Marsabit,KE,2021-07-23 01:39:26,2.3284,37.9899,60.06,83,49,15.9
169,Sorland,NO,2021-07-23 01:36:46,67.667,12.6934,49.78,75,100,11.61
170,Nanortalik,GL,2021-07-23 01:38:18,60.1432,-45.2371,43.77,93,99,6.51
171,Saldanha,ZA,2021-07-23 01:35:13,-33.0117,17.9442,37.45,72,0,9.4
172,Shingu,JP,2021-07-23 01:39:27,33.7333,135.9833,85.19,77,100,7.49
173,Tiksi,RU,2021-07-23 01:39:27,71.6872,128.8694,46.54,77,100,9.73
174,Serebryansk,KZ,2021-07-23 01:39:28,49.6925,83.2892,67.55,83,100,1.21
175,Axim,GH,2021-07-23 01:39:28,4.8699,-2.2405,75.09,86,53,9.48
176,Uthal,PK,2021-07-23 01:39:28,25.8072,66.6219,83.95,83,62,2.95
177,Mayo,US,2021-07-23 01:39:29,38.8876,-76.5119,75.61,75,1,1.01
178,Socorro,US,2021-07-23 01:39:29,31.6546,-106.3033,92.3,24,75,5.75
179,Gat,IL,2021-07-23 01:36:00,31.61,34.7642,76.41,100,61,5.14
180,Hercegszanto,HU,2021-07-23 01:39:30,45.95,18.9392,58.93,61,4,2.44
181,Vardo,NO,2021-07-23 01:39:30,70.3705,31.1107,45.27,79,100,30.4
182,Panzhihua,CN,2021-07-23 01:39:31,26.5851,101.7128,77.99,73,55,0.94
183,Praia Da Vitoria,PT,2021-07-23 01:39:31,38.7333,-27.0667,68.25,77,20,9.06
184,Chuy,UY,2021-07-23 01:39:32,-33.6971,-53.4616,49.95,78,95,6.08
185,Saint-Louis,SN,2021-07-23 01:39:32,16.3333,-15.0,74.44,69,22,14.52
186,Amursk,RU,2021-07-23 01:39:32,50.2261,136.8994,85.98,63,84,7.65
187,Coffs Harbour,AU,2021-07-23 01:39:33,-30.3,153.1333,63.14,57,96,17.27
188,Conceicao Da Barra,BR,2021-07-23 01:39:33,-18.5933,-39.7322,66.78,75,24,5.59
189,Yazd,IR,2021-07-23 01:39:33,31.8972,54.3675,84.31,17,40,4.61
190,Olafsvik,IS,2021-07-23 01:38:19,64.8945,-23.7142,52.16,97,100,11.5
191,High Level,CA,2021-07-23 01:35:33,58.5169,-117.136,59.11,94,90,5.75
192,Jalu,LY,2021-07-23 01:39:34,29.0331,21.5482,77.85,62,0,15.39
193,Cidreira,BR,2021-07-23 01:39:34,-30.1811,-50.2056,58.3,87,51,14.85
194,Polo,PH,2021-07-23 01:39:35,9.4822,123.1822,85.57,71,100,13.98
195,Coihaique,CL,2021-07-23 01:39:35,-45.5752,-72.0662,42.75,56,20,3.44
196,Bonavista,CA,2021-07-23 01:39:35,48.6499,-53.1147,52.12,94,96,9.6
197,Mnogovershinnyy,RU,2021-07-23 01:39:36,53.9353,139.9242,81.32,47,33,1.92
198,Najran,SA,2021-07-23 01:39:36,17.4924,44.1277,70.45,55,100,15.43
199,Henties Bay,NA,2021-07-23 01:39:36,-22.116,14.2845,55.78,73,0,3.65
200,Mecca,SA,2021-07-23 01:39:37,21.4267,39.8261,84.6,52,99,4.85
201,Vicosa Do Ceara,BR,2021-07-23 01:39:37,-3.5622,-41.0922,68.72,61,9,3.44
202,Batagay-Alyta,RU,2021-07-23 01:36:11,67.8006,130.4114,71.13,37,45,6.82
203,Meulaboh,ID,2021-07-23 01:39:38,4.1363,96.1285,80.94,76,47,2.06
204,Zarubino,RU,2021-07-23 01:39:38,42.63,131.0922,82.36,74,64,4.27
205,Aktash,RU,2021-07-23 01:39:38,50.3,87.7333,53.94,77,100,3.36
206,Tasiilaq,GL,2021-07-23 01:39:39,65.6145,-37.6368,42.96,97,100,2.53
207,Katangli,RU,2021-07-23 01:39:39,51.7102,143.2326,74.7,77,91,1.77
208,Vila Velha,BR,2021-07-23 01:39:39,-20.3297,-40.2925,64.35,94,40,3.44
209,Solnechnyy,RU,2021-07-23 01:39:40,50.7214,136.6319,90.14,50,39,5.26
210,Coahuayana,MX,2021-07-23 01:39:40,18.7333,-103.6833,83.68,85,98,0.36
211,Ponta Delgada,PT,2021-07-23 01:39:41,37.7333,-25.6667,65.12,82,75,4.61
212,Muisne,EC,2021-07-23 01:39:41,0.6,-80.0333,76.26,81,100,9.86
213,Banda Aceh,ID,2021-07-23 01:39:42,5.5577,95.3222,83.79,71,100,14.76
214,Tabuk,PH,2021-07-23 01:39:42,17.4189,121.4443,86.0,68,100,3.67
215,La Ronge,CA,2021-07-23 01:39:43,55.1001,-105.2842,77.25,41,40,6.91
216,Kirakira,SB,2021-07-23 01:39:43,-10.4544,161.9205,84.13,72,70,9.13
217,Baykit,RU,2021-07-23 01:39:44,61.67,96.37,72.82,49,50,2.68
218,Ylivieska,FI,2021-07-23 01:39:44,64.0833,24.55,60.31,77,95,4.25
219,Cabo San Lucas,MX,2021-07-23 01:39:44,22.8909,-109.9124,96.51,51,1,9.22
220,Manaure,CO,2021-07-23 01:39:45,11.7751,-72.4445,80.37,78,70,19.01
221,Esperance,AU,2021-07-23 01:39:45,-33.8667,121.9,55.24,60,91,25.84
222,Smoky Lake,CA,2021-07-23 01:39:46,54.1169,-112.4686,57.78,76,88,6.91
223,Caranavi,BO,2021-07-23 01:39:46,-15.8167,-67.55,59.23,86,0,2.86
224,Avera,US,2021-07-23 01:39:46,33.194,-82.5271,82.71,76,54,3.65
225,Champerico,GT,2021-07-23 01:39:47,14.3,-91.9167,83.35,81,67,6.35
226,Ugoofaaru,MV,2021-07-23 01:39:47,5.6667,73.0,82.63,74,100,16.62
227,Alta Floresta,BR,2021-07-23 01:39:47,-9.8756,-56.0861,72.43,38,0,3.85
228,Ciudad Bolivar,VE,2021-07-23 01:39:48,8.1222,-63.5497,78.24,86,100,6.22
229,Lanxi,CN,2021-07-23 01:39:48,29.2195,119.477,84.67,73,30,10.83
230,Naifaru,MV,2021-07-23 01:39:49,5.4444,73.3657,82.11,76,97,16.93
231,Umm Kaddadah,SD,2021-07-23 01:39:49,13.6017,26.6876,82.06,56,78,10.47
232,Chake Chake,TZ,2021-07-23 01:39:49,-5.2459,39.7666,73.27,81,5,9.31
233,Zhanaozen,KZ,2021-07-23 01:39:50,43.3,52.8,87.73,20,95,7.56
234,Alpena,US,2021-07-23 01:39:50,45.0617,-83.4327,68.14,88,90,3.44
235,Guerrero Negro,MX,2021-07-23 01:39:51,27.9769,-114.0611,72.81,75,100,14.63
236,Linqing,CN,2021-07-23 01:39:51,36.8456,115.7117,75.97,84,100,2.8
237,Ust-Nera,RU,2021-07-23 01:39:51,64.5667,143.2,57.25,88,100,3.8
238,Wanning,CN,2021-07-23 01:39:52,18.8003,110.3967,85.71,70,94,5.39
239,Honiara,SB,2021-07-23 01:37:10,-9.4333,159.95,84.07,75,63,6.53
240,Port Macquarie,AU,2021-07-23 01:39:52,-31.4333,152.9167,64.36,49,99,9.64
241,Kupang,ID,2021-07-23 01:39:52,-10.1667,123.5833,82.98,51,20,4.61
242,Ancud,CL,2021-07-23 01:39:53,-41.8697,-73.8203,46.22,83,100,7.11
243,Yar-Sale,RU,2021-07-23 01:39:53,66.8333,70.8333,54.5,57,100,8.46
244,Freeport,US,2021-07-23 01:35:32,40.6576,-73.5832,78.26,64,1,1.01
245,Komsomolskiy,UZ,2021-07-23 01:37:11,40.4272,71.7189,77.72,33,0,6.91
246,Lorengau,PG,2021-07-23 01:39:54,-2.0226,147.2712,85.05,70,65,7.31
247,Marche-En-Famenne,BE,2021-07-23 01:39:54,50.2,5.3333,58.78,95,0,4.12
248,Shenjiamen,CN,2021-07-23 01:39:55,29.9576,122.298,79.56,83,61,23.44
249,Lata,PT,2021-07-23 01:39:55,40.1629,-8.3327,60.06,96,99,0.72
250,Hasaki,JP,2021-07-23 01:39:55,35.7333,140.8333,88.29,68,84,7.45
251,Atbasar,KZ,2021-07-23 01:39:56,51.8,68.3333,71.94,44,9,6.67
252,Cururupu,BR,2021-07-23 01:36:31,-1.8283,-44.8683,73.58,94,0,2.75
253,Koumac,NC,2021-07-23 01:40:00,-20.5667,164.2833,75.63,62,0,6.96
254,Asyut,EG,2021-07-23 01:40:00,27.181,31.1837,86.18,49,0,7.4
255,Verkh-Usugli,RU,2021-07-23 01:40:01,52.7,115.1667,73.17,57,29,6.13
256,Ulverstone,AU,2021-07-23 01:36:23,-41.15,146.1667,52.2,81,85,1.01
257,Bottrop,DE,2021-07-23 01:37:21,51.5167,6.9167,60.8,81,0,1.01
258,Diamantino,BR,2021-07-23 01:40:03,-14.4086,-56.4461,71.13,38,0,3.02
259,Abha,SA,2021-07-23 01:40:03,18.2164,42.5053,57.45,88,75,11.5
260,Rio Grande,BR,2021-07-23 01:35:49,-32.035,-52.0986,52.95,87,99,9.78
261,Atagay,RU,2021-07-23 01:40:04,55.1033,99.3875,70.52,50,0,4.74
262,Bathsheba,BB,2021-07-23 01:40:04,13.2167,-59.5167,81.21,83,40,19.57
263,Provideniya,RU,2021-07-23 01:40:04,64.3833,-173.3,46.51,71,75,13.42
264,Noumea,NC,2021-07-23 01:40:05,-22.2763,166.4572,75.99,99,93,8.84
265,Rawson,AR,2021-07-23 01:40:05,-43.3002,-65.1023,53.53,48,100,9.84
266,Bandundu,CD,2021-07-23 01:40:06,-3.3167,17.3667,72.07,42,100,4.59
267,Cockburn Town,TC,2021-07-23 01:40:06,21.4612,-71.1419,81.88,84,66,19.62
268,Hwange,ZW,2021-07-23 01:40:06,-18.3693,26.5019,52.63,18,9,2.68
269,Portland,US,2021-07-23 01:38:52,45.5234,-122.6762,82.62,40,20,1.99
270,Petropavlovsk-Kamchatskiy,RU,2021-07-23 01:40:07,53.0452,158.6483,57.79,100,90,8.95
271,Barcelos,PT,2021-07-23 01:40:07,41.5388,-8.6151,64.29,95,100,1.72
272,Sydney,AU,2021-07-23 01:38:22,-33.8679,151.2073,61.61,63,75,8.01
273,Lapi,PH,2021-07-23 01:40:08,17.716,121.8978,87.21,64,100,5.37
274,Cavalcante,BR,2021-07-23 01:40:08,-13.7975,-47.4583,66.04,51,42,4.97
275,Behbahan,IR,2021-07-23 01:40:09,30.5959,50.2417,85.32,46,2,2.08
276,Maragogi,BR,2021-07-23 01:40:09,-9.0122,-35.2225,73.6,84,36,10.87
277,Turayf,SA,2021-07-23 01:40:09,31.6725,38.6637,73.65,49,0,13.8
278,Abhar,IR,2021-07-23 01:40:10,36.1468,49.218,70.23,56,0,3.47
279,Nata,PA,2021-07-23 01:40:10,8.3333,-80.5167,80.47,89,100,4.34
280,Necochea,AR,2021-07-23 01:37:30,-38.5473,-58.7368,49.03,72,100,9.84
281,Inhambane,MZ,2021-07-23 01:37:08,-23.865,35.3833,66.2,62,0,15.5
282,Prachuap Khiri Khan,TH,2021-07-23 01:40:11,12.2167,99.75,84.58,56,100,10.69
283,Yumen,CN,2021-07-23 01:40:11,40.2833,97.2,86.09,29,50,12.71
284,Pangnirtung,CA,2021-07-23 01:40:12,66.1451,-65.7125,44.29,79,95,3.02
285,Walvis Bay,NA,2021-07-23 01:40:12,-22.9575,14.5053,49.15,53,0,8.05
286,Puerto Narino,CO,2021-07-23 01:40:12,-3.7703,-70.3831,76.95,71,99,0.96
287,Rio Gallegos,AR,2021-07-23 01:35:59,-51.6226,-69.2181,41.05,56,40,17.27
288,Canandaigua,US,2021-07-23 01:40:13,42.8742,-77.288,69.33,82,73,4.47
289,Warrington,GB,2021-07-23 01:37:00,53.3925,-2.5802,69.8,81,61,1.99
290,Aripuana,BR,2021-07-23 01:40:14,-9.1667,-60.6333,73.74,47,0,2.3
291,Kitgum,UG,2021-07-23 01:40:14,3.2783,32.8867,63.79,91,9,1.79
292,Comodoro Rivadavia,AR,2021-07-23 01:40:14,-45.8667,-67.5,58.86,41,0,13.8
293,Faanui,PF,2021-07-23 01:40:15,-16.4833,-151.75,77.95,68,10,14.81
294,Chumikan,RU,2021-07-23 01:40:15,54.7183,135.315,71.6,68,8,6.6
295,Evensk,RU,2021-07-23 01:40:00,61.95,159.2333,51.76,94,100,6.04
296,Kirando,TZ,2021-07-23 01:40:16,-7.4167,30.6,71.17,52,28,5.26
297,Zabol,AF,2021-07-23 01:40:16,32.25,67.25,72.82,41,35,8.1
298,Longyan,CN,2021-07-23 01:37:35,25.1072,117.0225,88.77,57,12,4.32
299,Manati,PR,2021-07-23 01:40:16,18.4275,-66.4921,82.62,88,9,10.83
300,Luderitz,NA,2021-07-23 01:40:17,-26.6481,15.1594,55.51,35,10,6.62
301,Chengdu,CN,2021-07-23 01:40:17,30.6667,104.0667,82.29,83,0,2.24
302,Igrim,RU,2021-07-23 01:40:18,63.1906,64.4162,51.87,98,100,13.31
303,San Cristobal,VE,2021-07-23 01:40:18,7.7669,-72.225,73.58,98,100,3.53
304,Gravdal,NO,2021-07-23 01:40:18,68.1214,13.5031,48.78,78,100,10.09
305,Yenagoa,NG,2021-07-23 01:40:19,4.9247,6.2642,74.16,91,100,4.18
306,Geraldton,AU,2021-07-23 01:40:19,-28.7667,114.6,61.21,88,75,13.8
307,Billings,US,2021-07-23 01:35:58,45.7833,-108.5007,83.97,32,90,27.63
308,Naze,JP,2021-07-23 01:37:10,28.3667,129.4833,77.92,90,100,26.4
309,Ulladulla,AU,2021-07-23 01:40:20,-35.35,150.4667,56.3,53,95,6.62
310,Bathurst,AU,2021-07-23 01:40:21,-33.4166,149.5806,46.96,82,100,1.99
311,Sal Rei,CV,2021-07-23 01:40:21,16.1833,-22.9167,75.76,80,33,14.34
312,Pescara,IT,2021-07-23 01:40:22,42.3333,13.95,71.08,60,35,2.98
313,Fengcheng,CN,2021-07-23 01:40:22,40.4536,124.0717,83.03,72,100,2.42
314,Severo-Kurilsk,RU,2021-07-23 01:40:22,50.6789,156.125,56.61,86,55,5.35
315,Laguna,US,2021-07-23 01:40:23,38.421,-121.4238,99.75,22,1,5.01
316,Dafeng,CN,2021-07-23 01:40:23,23.4517,108.5881,84.92,77,99,4.85
317,Iquitos,PE,2021-07-23 01:40:23,-3.7481,-73.2472,75.24,88,20,0.0
318,Lazaro Cardenas,MX,2021-07-23 01:40:24,17.9583,-102.2,82.47,80,29,6.06
319,Formosa,AR,2021-07-23 01:36:32,-26.1775,-58.1781,67.98,56,0,6.91
320,Cotonou,BJ,2021-07-23 01:40:24,6.3654,2.4183,78.78,83,40,13.8
321,Hofn,IS,2021-07-23 01:40:25,64.2539,-15.2082,53.22,98,100,3.96
322,Berlevag,NO,2021-07-23 01:40:25,70.8578,29.0864,43.39,80,99,25.12
323,Tarauaca,BR,2021-07-23 01:40:25,-8.1614,-70.7656,70.29,62,5,1.7
324,San Andres,CO,2021-07-23 01:36:55,12.5847,-81.7006,84.22,74,90,18.41
325,Lacey,US,2021-07-23 01:36:57,47.0343,-122.8232,79.23,40,1,1.01
326,Mana,GF,2021-07-23 01:40:26,5.6592,-53.7767,78.49,88,64,9.1
327,Yulara,AU,2021-07-23 01:40:26,-25.2406,130.9889,58.84,47,5,3.44
328,Virginia Beach,US,2021-07-23 01:39:39,36.8529,-75.978,77.02,67,20,4.61
329,Soderhamn,SE,2021-07-23 01:40:27,61.3037,17.0592,53.04,75,7,8.84
330,Port Lincoln,AU,2021-07-23 01:35:50,-34.7333,135.8667,56.41,65,78,11.79
331,Klaksvik,FO,2021-07-23 01:37:46,62.2266,-6.589,47.32,93,92,10.42
332,La Rioja,ES,2021-07-23 01:36:32,42.25,-2.5,68.04,26,59,5.41
333,Vestmannaeyjar,IS,2021-07-23 01:40:28,63.4427,-20.2734,53.31,97,100,20.69
334,Elko,US,2021-07-23 01:40:28,41.0002,-115.5012,86.74,24,44,10.0
335,Nuevo Ideal,MX,2021-07-23 01:40:28,24.8875,-105.0728,65.84,74,94,3.58
336,Sioux Lookout,CA,2021-07-23 01:40:29,50.1001,-91.917,73.78,73,40,9.22
337,Manadhoo,MV,2021-07-23 01:40:29,5.7667,73.3833,82.49,75,100,17.05
338,Gorgan,IR,2021-07-23 01:40:29,36.8387,54.4348,78.76,83,40,9.22
339,Bosaso,SO,2021-07-23 01:40:30,11.2842,49.1816,90.97,39,11,22.5
340,Ust-Maya,RU,2021-07-23 01:40:30,60.4167,134.5333,78.8,47,99,1.39
341,Kondinskoye,RU,2021-07-23 01:40:31,59.6481,67.41,70.34,83,50,13.56
342,Ostrovnoy,RU,2021-07-23 01:40:31,68.0531,39.5131,41.45,92,100,21.14
343,Egvekinot,RU,2021-07-23 01:38:52,66.3167,-179.1667,46.31,70,65,4.07
344,Nosy Varika,MG,2021-07-23 01:40:31,-20.5833,48.5333,64.56,88,23,3.83
345,Camacha,PT,2021-07-23 01:40:32,33.0833,-16.3333,69.53,83,40,16.11
346,Ketchikan,US,2021-07-23 01:40:32,55.3422,-131.6461,59.47,77,90,17.27
347,Monaragala,LK,2021-07-23 01:40:32,6.8714,81.3487,79.32,68,100,8.19
348,Muros,ES,2021-07-23 01:37:57,42.7762,-9.0603,64.9,87,98,5.28
349,Youghal,IE,2021-07-23 01:40:33,51.95,-7.8506,68.02,88,100,8.72
350,Omboue,GA,2021-07-23 01:40:33,-1.5746,9.2618,72.95,74,100,6.42
351,Viedma,AR,2021-07-23 01:40:34,-40.8135,-62.9967,53.73,41,94,9.13
352,Shahr-E Babak,IR,2021-07-23 01:40:34,30.1165,55.1186,75.74,18,39,2.33
353,Burnie,AU,2021-07-23 01:40:35,-41.0667,145.9167,52.92,84,98,13.49
354,Pisco,PE,2021-07-23 01:40:35,-13.7,-76.2167,62.65,77,90,11.5
355,Oranjemund,NA,2021-07-23 01:40:35,-28.55,16.4333,53.67,40,1,8.81
356,Warri,NG,2021-07-23 01:40:36,5.5167,5.75,75.18,85,100,4.41
357,Tocopilla,CL,2021-07-23 01:40:36,-22.092,-70.1979,60.82,69,19,6.87
358,Prince Rupert,CA,2021-07-23 01:40:37,54.3161,-130.3201,60.89,72,75,10.36
359,Trapani,IT,2021-07-23 01:40:37,37.8333,12.6667,76.89,57,0,5.79
360,Saint Pete Beach,US,2021-07-23 01:40:37,27.7253,-82.7412,87.01,72,1,1.99
361,Tambopata,PE,2021-07-23 01:40:38,-12.7333,-69.1833,69.55,59,0,0.83
362,Atar,MR,2021-07-23 01:37:16,20.5169,-13.0499,83.08,23,30,3.53
363,Tigil,RU,2021-07-23 01:40:38,57.8,158.6667,68.25,65,93,9.15
364,Bage,BR,2021-07-23 01:40:39,-31.3314,-54.1069,53.38,66,0,12.66
365,Flinders,AU,2021-07-23 01:40:39,-34.5833,150.8552,57.18,66,90,1.99
366,Vanimo,PG,2021-07-23 01:40:39,-2.6741,141.3028,81.82,84,94,4.03
367,Timizart,DZ,2021-07-23 01:40:40,36.8,4.2667,80.31,31,0,4.81
368,Ravar,IR,2021-07-23 01:40:40,31.2656,56.8055,82.81,15,0,1.39
369,Gamba,GA,2021-07-23 01:40:41,-2.65,10.0,71.47,79,100,4.94
370,Yaring,TH,2021-07-23 01:40:41,6.8662,101.3689,80.64,74,52,7.4
371,Sabla,NG,2021-07-23 01:40:41,12.7525,4.7077,80.44,68,56,11.77
372,Myslenice,PL,2021-07-23 01:40:42,49.8338,19.9383,62.98,90,16,3.49
373,Caravelas,BR,2021-07-23 01:40:42,-17.7125,-39.2481,70.18,67,72,7.43
374,Chopinzinho,BR,2021-07-23 01:40:43,-25.8558,-52.5233,51.55,71,0,4.47
375,Springbok,ZA,2021-07-23 01:40:43,-29.6643,17.8865,39.54,40,0,18.52
376,Kizema,RU,2021-07-23 01:40:43,61.113,44.8302,52.27,85,98,4.54
377,Dingle,PH,2021-07-23 01:40:44,10.9995,122.6711,84.34,74,100,20.51
378,Margate,GB,2021-07-23 01:40:44,51.3813,1.3862,61.7,88,1,1.99
379,Staryy Nadym,RU,2021-07-23 01:36:42,65.6118,72.6842,57.9,59,100,12.08
380,Porvoo,FI,2021-07-23 01:40:45,60.3923,25.6651,58.15,90,72,8.08
381,Mehamn,NO,2021-07-23 01:40:45,71.0357,27.8492,43.41,79,100,19.69
382,Teya,RU,2021-07-23 01:40:46,60.3778,92.6267,72.63,49,0,2.59
383,Tazovskiy,RU,2021-07-23 01:40:46,67.4667,78.7,48.36,69,95,2.15
384,Mackay,AU,2021-07-23 01:40:47,-21.15,149.2,76.68,53,9,17.27
385,Kruisfontein,ZA,2021-07-23 01:40:47,-34.0033,24.7314,43.88,77,100,6.76
386,Khasan,RU,2021-07-23 01:40:48,42.4308,130.6434,82.13,76,71,6.15
387,Denpasar,ID,2021-07-23 01:39:38,-8.65,115.2167,80.26,83,40,11.5
388,Anadyr,RU,2021-07-23 01:40:48,64.75,177.4833,57.7,67,0,8.95
389,Ronda,ES,2021-07-23 01:40:49,36.7423,-5.1671,71.53,28,79,4.65
390,Morki,RU,2021-07-23 01:40:49,56.4303,48.9947,55.98,86,100,3.02
391,Quelimane,MZ,2021-07-23 01:40:49,-17.8786,36.8883,67.95,94,1,2.39
392,Koster,ZA,2021-07-23 01:40:50,-25.863,26.8976,25.75,53,0,12.55
393,Emerald,AU,2021-07-23 01:40:50,-23.5333,148.1667,70.34,49,3,6.91
394,Khani,GE,2021-07-23 01:40:50,41.9563,42.9566,60.37,94,70,1.48
395,Prado,BR,2021-07-23 01:40:51,-17.3411,-39.2208,67.96,72,55,7.54
396,Sakakah,SA,2021-07-23 01:40:51,29.9697,40.2064,85.57,28,0,11.05
397,Guararema,BR,2021-07-23 01:40:51,-23.415,-46.035,60.24,92,14,1.52
398,Hobyo,SO,2021-07-23 01:40:52,5.3505,48.5268,76.82,81,100,26.93
399,Angoram,PG,2021-07-23 01:40:52,-4.0625,144.0661,86.83,69,20,4.05
400,Jizan,SA,2021-07-23 01:37:15,17.3333,42.6667,77.94,74,100,2.01
401,Buraydah,SA,2021-07-23 01:40:53,26.326,43.975,91.85,19,12,5.28
402,San Patricio,US,2021-07-23 01:40:53,28.017,-97.5169,86.09,75,88,11.72
403,Vila Franca Do Campo,PT,2021-07-23 01:40:54,37.7167,-25.4333,64.81,83,17,4.79
404,Baoding,CN,2021-07-23 01:40:54,38.8511,115.4903,78.17,69,86,5.03
405,Griffith,US,2021-07-23 01:40:54,41.5284,-87.4237,80.71,80,1,5.75
406,Onega,RU,2021-07-23 01:40:55,63.9061,38.1404,47.77,86,73,5.55
407,Svetlogorsk,BY,2021-07-23 01:40:55,52.6333,29.7333,52.81,89,13,5.55
408,Hauterive,FR,2021-07-23 01:40:56,46.0901,3.4459,63.36,86,7,2.37
409,Ahipara,NZ,2021-07-23 01:40:56,-35.1667,173.1667,58.87,62,1,8.77
410,Okhotsk,RU,2021-07-23 01:40:57,59.3833,143.3,58.6,88,100,4.68
411,Berdigestyakh,RU,2021-07-23 01:40:57,62.0989,126.6992,77.07,42,100,5.39
412,Nuuk,GL,2021-07-23 01:40:13,64.1835,-51.7216,41.61,100,75,8.05
413,Sujiatun,CN,2021-07-23 01:40:57,41.6592,123.3392,87.22,74,100,4.47
414,Saint Anthony,US,2021-07-23 01:40:58,45.0205,-93.218,83.35,65,20,3.0
415,Leh,IN,2021-07-23 01:40:58,34.1667,77.5833,59.36,54,32,3.8
416,Suoyarvi,RU,2021-07-23 01:40:59,62.0833,32.35,47.88,96,71,5.3
417,Broome,US,2021-07-23 01:40:59,42.2506,-75.833,64.85,74,1,1.01
418,El Copey,CO,2021-07-23 01:40:59,10.1503,-73.9614,78.82,62,100,2.64
419,Pasighat,IN,2021-07-23 01:41:00,28.0667,95.3333,88.38,68,4,2.64
420,Teknaf,BD,2021-07-23 01:41:00,20.8624,92.3058,81.37,89,100,21.07
421,Saint-Augustin,CA,2021-07-23 01:41:02,51.226,-58.6502,48.52,92,100,14.32
422,Devils Lake,US,2021-07-23 01:40:13,48.1128,-98.8651,84.94,69,1,5.99
423,Victoria Point,AU,2021-07-23 01:41:02,-27.5833,153.3,67.48,73,81,1.99
424,Mlimba,TZ,2021-07-23 01:41:02,-8.8,35.8167,65.46,93,49,2.37
425,Barra Patuca,HN,2021-07-23 01:41:03,15.8,-84.2833,79.52,85,22,7.49
426,Luanda,AO,2021-07-23 01:40:56,-8.8368,13.2343,70.56,80,100,0.6
427,Namtsy,RU,2021-07-23 01:41:03,62.7161,129.6658,73.51,45,100,2.46
428,Streator,US,2021-07-23 01:41:04,41.1209,-88.8354,78.62,92,27,4.85
429,Mount Gambier,AU,2021-07-23 01:41:04,-37.8333,140.7667,48.11,81,90,12.66
430,Okha,RU,2021-07-23 01:41:04,53.5739,142.9478,74.16,65,45,4.25
431,Quatre Cocos,MU,2021-07-23 01:41:05,-20.2078,57.7625,70.09,71,17,13.49
432,Seoul,KR,2021-07-23 01:37:57,37.5683,126.9778,91.81,55,0,1.14
433,Hovd,MN,2021-07-23 01:41:05,48.0056,91.6419,78.58,25,100,5.97
434,Broken Hill,AU,2021-07-23 01:41:06,-31.95,141.4333,46.11,87,90,17.27
435,Isangel,VU,2021-07-23 01:41:06,-19.55,169.2667,80.71,78,75,3.44
436,Povenets,RU,2021-07-23 01:41:06,62.8487,34.8262,50.11,90,95,8.9
437,Dublin,US,2021-07-23 01:41:07,37.7021,-121.9358,86.63,58,1,7.0
438,Odry,CZ,2021-07-23 01:41:07,49.6626,17.8308,60.19,87,0,1.95
439,Ivolginsk,RU,2021-07-23 01:41:08,51.7492,107.2837,67.66,77,20,6.71
440,Waingapu,ID,2021-07-23 01:41:08,-9.6567,120.2641,83.07,56,16,10.04
441,Les Cayes,HT,2021-07-23 01:41:09,18.2,-73.75,78.4,80,8,3.62
442,Maceio,BR,2021-07-23 01:41:09,-9.6658,-35.7353,74.64,78,20,4.61
443,Salamiyah,SY,2021-07-23 01:41:09,35.0113,37.0532,71.19,82,0,8.23
444,Lavrentiya,RU,2021-07-23 01:41:10,65.5833,-171.0,43.45,81,100,2.33
445,Sosnogorsk,RU,2021-07-23 01:41:10,63.6023,53.8817,53.49,53,4,3.83
446,Kidal,ML,2021-07-23 01:37:24,18.4411,1.4078,88.45,33,100,6.69
447,Mvuma,ZW,2021-07-23 01:41:11,-19.2792,30.5283,47.98,17,11,10.25
448,Sirjan,IR,2021-07-23 01:40:17,29.452,55.6814,76.87,20,0,1.9
449,Pacifica,US,2021-07-23 01:39:38,37.6138,-122.4869,81.54,80,20,1.99
450,Rocha,UY,2021-07-23 01:41:11,-34.4833,-54.3333,49.23,78,85,7.63
451,Panaba,MX,2021-07-23 01:37:07,21.2833,-88.2667,79.72,84,0,11.79
452,Pacific Grove,US,2021-07-23 01:39:40,36.6177,-121.9166,79.81,84,75,4.0
453,Kahului,US,2021-07-23 01:41:12,20.8947,-156.47,84.22,68,40,26.46
454,Kieta,PG,2021-07-23 01:41:12,-6.2167,155.6333,83.82,75,34,6.55
455,Fort Nelson,CA,2021-07-23 01:41:11,58.8053,-122.7002,58.59,94,90,3.44
456,Thai Binh,VN,2021-07-23 01:41:13,20.45,106.3333,78.8,95,100,11.65
457,Aktau,KZ,2021-07-23 01:41:13,43.65,51.2,79.38,60,100,6.29
458,Yatou,CN,2021-07-23 01:41:14,37.15,122.3833,85.44,56,92,2.68
459,Acajutla,SV,2021-07-23 01:41:14,13.5928,-89.8275,87.8,73,100,5.7
460,Lebu,CL,2021-07-23 01:41:14,-37.6167,-73.65,50.43,84,100,7.14
461,Murray Bridge,AU,2021-07-23 01:41:15,-35.1167,139.2667,55.13,73,46,4.18
462,Vaitape,PF,2021-07-23 01:41:15,-16.5167,-151.75,77.95,67,10,14.7
463,Inirida,CO,2021-07-23 01:41:15,3.8653,-67.9239,73.53,97,100,1.3
464,Lixourion,GR,2021-07-23 01:41:16,38.2019,20.4314,73.38,80,0,2.04
465,Korla,CN,2021-07-23 01:37:06,41.7597,86.1469,90.9,17,100,7.38
466,Aracataca,CO,2021-07-23 01:41:16,10.5918,-74.1898,85.78,82,92,2.71
467,Eureka,US,2021-07-23 01:41:16,40.8021,-124.1637,65.19,75,3,5.01
468,Da Lat,VN,2021-07-23 01:41:17,11.9465,108.4419,66.15,82,100,10.36
469,Salinopolis,BR,2021-07-23 01:39:41,-0.6136,-47.3561,78.1,86,19,10.76
470,Orebro,SE,2021-07-23 01:41:17,59.2741,15.2066,60.78,51,53,4.61
471,Lumsden,CA,2021-07-23 01:41:18,50.6501,-104.8678,87.01,26,34,10.2
472,Taoudenni,ML,2021-07-23 01:41:18,22.6783,-3.9836,97.57,20,0,6.44
473,Manacapuru,BR,2021-07-23 01:41:18,-3.2997,-60.6206,79.38,81,64,3.65
474,Shelburne,CA,2021-07-23 01:38:18,44.0787,-80.2041,66.67,70,99,5.44
475,Pampierstad,ZA,2021-07-23 01:41:19,-27.7832,24.6877,25.79,62,0,4.97
476,Soritor,PE,2021-07-23 01:41:20,-6.1392,-77.1039,64.99,89,42,2.84
477,Zhirnov,RU,2021-07-23 01:41:20,48.1709,41.1261,68.32,71,95,11.05
478,Mao,ES,2021-07-23 01:41:21,39.8885,4.2658,75.76,83,0,5.75
479,Zhigansk,RU,2021-07-23 01:41:21,66.7697,123.3711,68.31,62,100,4.27
480,Alice,US,2021-07-23 01:41:21,27.7523,-98.0697,85.57,86,1,9.22
481,Duran,EC,2021-07-23 01:41:22,-2.2,-79.8333,78.85,73,40,16.11
482,Luocheng,CN,2021-07-23 01:41:22,29.3848,104.0286,80.8,85,17,2.55
483,Kutum,SD,2021-07-23 01:41:22,14.2,24.6667,70.92,73,83,8.95
484,Pokhara,NP,2021-07-23 01:39:01,28.2333,83.9833,78.78,81,82,1.86
485,The Valley,AI,2021-07-23 01:41:23,18.217,-63.0578,82.26,82,0,20.0
486,Khowst,AF,2021-07-23 01:41:23,33.3833,69.8833,78.12,48,1,1.23
487,Qasigiannguit,GL,2021-07-23 01:41:24,68.8193,-51.1922,44.85,90,100,2.28
488,Shakawe,BW,2021-07-23 01:41:24,-18.3667,21.85,41.2,19,82,6.11
489,Gwadar,PK,2021-07-23 01:41:24,25.1216,62.3254,83.34,87,0,5.61
490,Diffa,NE,2021-07-23 01:41:25,13.3154,12.6113,81.25,65,100,9.31
491,Saint-Pierre,RE,2021-07-23 01:38:41,-21.3393,55.4781,65.84,63,0,9.22
492,Pipar,IN,2021-07-23 01:41:25,26.3856,73.5378,83.35,75,100,14.38
493,Katobu,ID,2021-07-23 01:41:25,-4.9408,122.5276,82.31,65,55,3.98
494,Taber,CA,2021-07-23 01:41:26,49.8167,-112.1518,85.08,17,0,14.97
495,Port Hedland,AU,2021-07-23 01:41:26,-20.3167,118.5667,75.25,46,8,8.05
496,Aquiraz,BR,2021-07-23 01:37:53,-3.9014,-38.3911,83.21,66,7,17.05
497,Agadir,MA,2021-07-23 01:40:21,30.4202,-9.5982,68.45,58,10,4.52
498,Kargasok,RU,2021-07-23 01:41:27,59.0556,80.8572,72.73,62,100,6.24
499,Kurumkan,RU,2021-07-23 01:41:27,54.3,110.3,73.67,56,32,2.82
500,Kamenskiy,RU,2021-07-23 01:41:28,50.8855,45.488,61.0,82,100,7.58
501,Moose Factory,CA,2021-07-23 01:41:28,51.2585,-80.6094,60.8,82,1,3.44
502,Sur,OM,2021-07-23 01:41:29,22.5667,59.5289,91.27,56,0,8.37
503,Ca Mau,VN,2021-07-23 01:41:29,9.1769,105.15,86.27,68,96,9.8
504,Chuka,KE,2021-07-23 01:41:30,-0.3332,37.6459,60.46,90,92,3.47
505,Beidao,CN,2021-07-23 01:41:30,34.5686,105.8933,79.97,62,95,11.48
506,Lagoa,PT,2021-07-23 01:38:40,39.05,-27.9833,67.66,78,29,11.34
507,Manaquiri,BR,2021-07-23 01:41:31,-3.3167,-60.35,82.85,81,48,2.35
508,Urumqi,CN,2021-07-23 01:41:31,43.801,87.6005,77.95,36,0,4.47
509,Netrakona,BD,2021-07-23 01:41:31,24.8833,90.7167,84.78,76,58,11.14
510,Alberton,CA,2021-07-23 01:41:32,46.8168,-64.0654,60.93,87,49,6.49
511,Baita,RO,2021-07-23 01:41:32,46.0333,22.9,57.63,75,11,2.28
512,Piacabucu,BR,2021-07-23 01:41:33,-10.4056,-36.4344,73.31,80,0,10.85
513,Tra Vinh,VN,2021-07-23 01:41:33,9.9347,106.3453,84.99,69,100,11.05
514,Abadan,IR,2021-07-23 01:41:33,30.3392,48.3043,94.95,26,0,9.22
515,Aguada De Pasajeros,CU,2021-07-23 01:41:34,22.385,-80.8508,82.54,79,14,8.14
516,Karla,EE,2021-07-23 01:41:34,59.3723,24.9275,62.56,72,0,10.36
517,Iisalmi,FI,2021-07-23 01:41:34,63.5592,27.1907,55.42,82,100,4.0
518,Tomatlan,MX,2021-07-23 01:41:35,19.9333,-105.25,80.46,87,99,2.37
519,Qaqortoq,GL,2021-07-23 01:41:35,60.7167,-46.0333,46.9,95,100,4.74
520,Pudozh,RU,2021-07-23 01:41:35,61.8099,36.5345,52.5,97,100,3.04
521,Astorga,BR,2021-07-23 01:40:43,-23.2325,-51.6656,66.43,36,0,9.6
522,Oranjestad,AW,2021-07-23 01:40:22,12.524,-70.027,82.35,83,20,21.85
523,Khandyga,RU,2021-07-23 01:41:36,62.6667,135.6,76.57,53,100,0.49
524,Cabedelo,BR,2021-07-23 01:41:36,-6.9811,-34.8339,72.27,84,75,11.99
525,Buala,SB,2021-07-23 01:41:37,-8.145,159.5921,84.9,70,23,6.73
526,Ducheng,CN,2021-07-23 01:41:37,23.2373,111.5317,87.62,73,1,0.76
527,Durres,AL,2021-07-23 01:41:37,41.3231,19.4414,62.78,57,0,5.57
528,Novochernorechenskiy,RU,2021-07-23 01:41:38,56.2669,91.0828,69.8,52,0,8.21
529,Aklavik,CA,2021-07-23 01:41:38,68.2191,-135.0107,61.63,54,45,18.61
530,San Jose,US,2021-07-23 01:40:15,37.3394,-121.895,83.71,53,20,5.01
531,Nagato,JP,2021-07-23 01:41:39,34.3833,131.2,84.15,59,98,3.8
532,Bambanglipuro,ID,2021-07-23 01:40:57,-7.95,110.2833,82.44,70,5,6.2
533,Sangar,RU,2021-07-23 01:41:39,63.9242,127.4739,71.65,52,100,3.51
534,Taunsa,PK,2021-07-23 01:41:39,30.7048,70.6505,95.02,44,57,3.22
535,Vitim,RU,2021-07-23 01:41:40,59.4511,112.5578,70.0,77,96,6.78
536,San Ignacio,BZ,2021-07-23 01:37:15,17.1561,-89.0714,84.34,65,0,0.0
537,Ussel,FR,2021-07-23 01:41:40,45.55,2.3167,65.08,82,9,1.77
538,Grindavik,IS,2021-07-23 01:41:41,63.8424,-22.4338,55.56,100,90,17.27
539,Ebenthal,AT,2021-07-23 01:41:41,46.6081,14.3642,66.38,66,75,3.44
540,Zmeinogorsk,RU,2021-07-23 01:41:41,51.1567,82.195,70.29,85,96,2.98
541,Bandarbeyla,SO,2021-07-23 01:41:42,9.4942,50.8122,78.85,72,35,30.8
